"dates","332367N1167165W001","332742N1166846W001","332839N1167395W001","332867N1167043W001","333103N1166879W001","334686N1176782W002","335006N1176517W001","338733N1175573W001","338764N1175537W001","338773N1175745W001","338782N1175605W002","338784N1175800W001","338788N1175752W001","338800N1175766W001","338828N1175829W001","338830N1176016W001","339265N1176217W001","339526N1176523W001","339681N1176730W001","339898N1176931W001","340253N1170971W001","341006N1177096W001","341019N1177576W001","341142N1177258W001","341219N1176980W001","341359N1176807W001","341416N1176876W001","341514N1176794W001","344540N1192358W001","345951N1201600W001","346051N1202013W001","346153N1202501W001","346440N1204300W001","346565N1204303W001","346606N1204485W001","353618N1192169W001","353618N1192169W002","353620N1191457W001","353620N1191457W002","353693N1192870W001","353760N1192498W001","353760N1192498W002","353890N1191471W001","353915N1193454W001","357944N1190845W001","365909N1180574W001","368896N1206702W001","369616N1218787W001","369633N1218694W001","369723N1219572W001","369786N1219031W001","369829N1218748W001","369857N1219170W001","370173N1208999W001","370173N1208999W002","371583N1216425W001","371639N1216614W001","372508N1218420W001","372907N1210875W002","373287N1218681W001","373529N1218244W001","374316N1210994W001","374316N1210994W003","375376N1220399W001","375376N1220399W002","375376N1220399W003","375615N1220103W001","375616N1220103W001","375633N1219678W001","375892N1220587W001","375892N1220588W001","375893N1220588W001","375893N1220588W002","375893N1220589W001","382553N1224422W002","382654N1224684W004","382654N1224685W001","384782N1227656W001","387755N1212753W001","387755N1212753W002","387786N1213737W003","387816N1213870W001","387816N1213870W002","388476N1212872W001","388476N1212872W002","388604N1213544W001","388604N1213544W002","388604N1213544W003","388604N1213544W004","388826N1213078W001","388826N1213078W002","388893N1212847W001","388971N1213301W001","388971N1213301W002","389011N1213514W001","389255N1213566W001","389255N1213566W002","390084N1214989W001","390174N1214630W001","390174N1214630W003","390214N1214057W001","390458N1216114W004","390461N1214606W001","390756N1213859W001","390863N1215340W001","391114N1215105W001","392094N1215414W001","392145N1214873W001","392406N1214951W001","392406N1214951W002","392406N1214951W003","392727N1215762W001","392727N1215762W002","392952N1215180W001"
"2015-01",35.98,31.05,51.62,103.52,33.42,19.5205714285714,38.216,151,111.6,162.6,108.55,154.75,126,119,122.8,142.6,34.02,19.6,30.13,60.48,331.6,167.64,171.68,96.84,245.413684210526,280.421818181818,285.93641025641,178.36612244898,153.187580645161,30.5,11.7,38.7,52.42,64.4,53.4,230.6,261,225.5,222.3,253,262.6,221.8,185.7,232.5,488.4,17.57,190.76,185.95,218.92,71.05,138.43,151.71,193.3,168.75,87.78,67.536875,35.1134375,33.1240625,15.46,96.2734375,53.565625,71.36,38.44,7.75,26.92,21.25,39.85,53.19,25.83,5.26,15.35,15.18,17.14,17.02,24.04,14.77,12.67,26.24,104.75,48.6,115.86,111.3,111.3,2.02,0.62,58.16,58.89,58.4,34.54,40.95,34.78,19.27,54.12,52.32,42.87,9.21,30.9,39.1795,35.92,34.38,51.981,26.734,44.39925,27.4375,27.0656666666667,25.185,15.52,25.221,98.20125,98.04375,97.2755,26.10575,27.8075,56.29175
"2015-02",35.69,29.11,52.35,105.05,33.61,18.8178787878788,36.8428571428571,159.45,112.95,163.3,109.45,154.2,124.9,115.4,118.6,144.8,33.99,19.45,30.16,58.72,319.6,168.348,171.3,96,246.058333333333,281.374146341463,282.977741935484,179.261891891892,154.948928571429,30.5,11.6,38.1,52.22,68.1,56.1,234,266.4,212.8,208.5,258,255.8,223,183.8,233,483.8,18.52,187.99,185.95,218.92,71.05,137.43,148.71,194.25,165.49,86.45,65.5462068965517,32.7531034482759,32.6937931034483,15.58,98.0486206896552,53.1427586206897,66.87,38.38,6.88,23.97,19.54,39.4,51.78,24.33,4.89,13.89,13.78,15.68,15.53,22.14,16.19,14.11,24.82,104.95,48.9,115.26,110.9,110.8,1.78,0.53,58.31,58.61,58.11,34.24,40.07,34.06,19.04,53.83,52.01,42.2,8.07,30.93,32.50225,34.32,31.7495,50.80225,25.455,42.88275,26.943,26.4865,25.0675,13.6825,23.2863333333333,96.8753333333333,96.86,95.5973333333333,24.92,24.426,51.667
"2015-03",35.52,31.1,52.91,106.6,33.83,18.4148888888889,35.3006060606061,157,104.3,163,104,153.7,124.75,113.5,135.75,144.6,33.79,19.19,30.62,59.77,319.6,168.895806451613,171.51,97.055,245.608378378378,281.409696969697,282.748125,179.33625,155.22185483871,31.2,12.4,39.4,53.1266666666667,68.1,55.8,235.5,264.5,228.9,225.9,258.7,257.8,224.9,185,235.4,486.5,19.26,191.48,186.95,218.92,71.05,138.43,144.21,194.355,169.73,106.78,67.124375,34.21375,32.0925,16.06,94.5134375,50.72625,88.63,41,6.52,25.62,20.11,39.61,52.43,25.72,5.08,14.46,14.32,16.02,15.91,23.72,17.47,15.09,24.48,104.85,48.7,115.06,110.3,110.4,1.79,0.52,56.96,57.88,57.37,33.99,39.92,33.87,19.52,53.67,51.7,42,7.4,30.28,31.448,33.12,31.9226666666667,54.0683333333333,25.066,42.584,26.5316666666667,26.4113333333333,25.031,14.6635,22.75,95.734,95.73725,94.46325,25.556,26.6975,48.54575
"2015-04",35.92,31.7,53.95,108.21,33.95,18.3171428571429,35.0396551724138,168.8,113.75,141.85,106.4,155.9,125.95,116.8,138.05,144.3,33.92,19.23,31.34,62.73,342.6,169.372413793103,173.465,98.05,245.68,282.006,283.341,179.854333333333,173.223416666667,33.1,13.3,39.7,60.32,68.7,56.4,244.5,277.4,236,231.4,266,261.5,226,186.4,237.3,507.8,19.52,195.45,186.95,219.42,72.05,143.43,146.21,195.86,171.98,102.3,70.5906451612903,38.3212903225806,32.5735483870968,16.16,101.471935483871,53.9106451612903,92,41.19,6.62,26.39,21.21,40.29,53.19,27.21,5.39,15.36,15.17,16.87,16.91,35.5,18.28,15.96,25.34,104.75,48.7,114.86,110.1,110.2,1.91,0.69,57.26,58.31,57.77,34.47,40.01,33.96,19.82,53.56,51.53,42.34,9.64,30.43,44.223,33.3663333333333,35.9448,53.979,25.9466666666667,47.4888,27.6624,28.0898,25.0696,20.79925,34.669,94.926,94.83225,94.74,26.099,32.28025,55.94675
"2015-05",35.67,31.77,54.34,109.42,34.17,18.031,34.1236666666667,158.9,115.65,164.25,109.55,153.65,125.25,115.5,137.9,144.7,34.33,19.15,33.27,61.72,338.6,169.911612903226,172.435,98.92,248.486129032258,282.547419354839,284.456129032258,178.59064516129,178.434032258065,35,13.3,39.3,63.72,69.8,57.4,254.5,297.9,237,233.2,269.3,267.7,228.9,188.2,240,532.9,17.69,198.84,186.95,219.42,71.05,142.93,148.21,195.93,172.64,107.74,73.2496875,42.4377419354839,33.878125,16.67,88.37375,50.5171875,96.57,41.88,6.74,24.63,21.09,40.74,53.08,25.85,5.61,15.52,15.41,17.02,17.03,60.61,18.74,16.63,26.33,104.85,48.8,115.16,110.5,110.5,1.86,0.7,59.42,60.87,60.29,35.76,40.06,34.07,19.51,54.74,52.57,50.6,12.28,33.21,71.913,35.04075,45.5435,61.163,29.465,59.367,28.944,33.40075,26.06425,26.9975,51.48375,96.04,96.219,97.74275,29.51675,41.15075,82.16625
"2015-06",35.7,32.05,55.11,110.75,34.51,17.8996428571429,33.8813793103448,154.15,114.85,164.6,110.4,146.7,124.2,117.9,138.55,145.7,34.69,19.72,34.67,63.25,324.6,170.454333333333,177.6,97.5,250.825666666667,282.878,284.255333333333,179.18724137931,185.775833333333,36.3,14.1,41.5,66.22,70.3,58.4,258.9,300.4,240.3,235.9,272,271.3,231,189.2,241.3,551.2,17.16,207.37,205.45,219.42,72.05,143.93,148.71,196.76,173.25,105.61,77.4596774193548,46.0729032258064,36.1077419354839,16.78,83.8028125,47.888064516129,126.51,49.09,7.1,27.88,22.67,41.2,54.59,25.14,8,16.85,16.59,18.1,18.22,37.98,20.06,17.66,27.79,104.75,48.8,116.96,112.8,112.55,2.05,0.9,60.86,61.87,61.36,36.04,40.61,34.86,20.26,55.38,53.36,45.51,15.54,37.74,55.36975,37.032,51.7945,66.45675,33.504,69.6145,29.76725,37.166,27.5015,28.7786666666667,51.2,97.4026666666667,97.5656666666667,99.0753333333333,32.51,50.6886666666667,93.4513333333333
"2015-07",36.71,32.36,55.05,111,34.31,17.833,33.31,155.45,116,165.15,106.3,155,123.25,118,137.75,145.5,34.91,20.16,36.99,65.95,338.6,170.929677419355,174.2,98,252.208709677419,283.338,284.657096774194,180.342903225806,189.622822580645,37.4,15.2,41.9,68.22,72.2,58.5,267,306.4,245.6,240.4,276.5,277.9,232.9,192.2,242,578.033333333333,16.17,213.66,186.95,219.42,72.05,149.43,152.21,199.996666666667,174.73,100.7,81.9375,50.8746875,38.3246875,18.31,81.3434375,46.3665625,134.87,49.19,7.44,28.46,23.44,41.72,55.27,25.58,6.39,17.53,17.36,19.29,19.31,55.01,21.45,19.09,29.92,104.85,49.1,118.46,114.5,114.2,2.22,0.99,62.62,63.58,62.97,36.43,41.15,35.3,19.88,56.9,54.77,54.05,19.62,40.85,71.31725,39.357,57.69375,67.2385,36.51,74.387,30.84275,38.2925,29.162,33.8908,57.4482,99.3516,99.488,101.294,36.7518,51.4662,95.3474
"2015-08",36.08,32.37,56.05,112.61,34.85,17.7066666666667,31.8637931034483,159.2,115.95,155.5,116.5,154.75,123.6,118,138.85,145.9,35.2,20.31,35.99,65.96,342.6,171.449677419355,177.7,98,253.977741935484,283.865161290323,285.392903225806,179.477096774194,191.275403225806,30.5,11.4,39.4,68.32,73.1,59.7,267,294.2,248.6,242.3,285.6,286,240.6,197.3,248,588.1,16.16,214.84,186.95,219.42,72.05,149.93,151.71,201.55,172.23,99.13,85.370625,55.88125,40.17,17.67,79.740625,47.0265625,112.89,30.49,7.84,28.77,23.92,42.13,55.63,26.63,6.67,17.83,17.72,19.89,19.8,49.51,22.63,19.64,31.81,104.65,49.1,119.46,115.7,115.6,2.54,1.2,61.98,63.15,62.59,35.79,41.83,36.05,20.28,57.57,55.45,51.04,21.88,42.03,87.6056666666667,41.7703333333333,57.504,66.2313333333333,39.058,65.608,31.1703333333333,37.9333333333333,29.505,27.22075,40.64575,100.3945,100.42925,101.335,35.19775,47.724,90.29875
"2015-09",36.64,33.52,56.59,113.41,35.06,17.6539285714286,30.694,160.4,120.4,156.15,119.3,154.95,123.7,118.5,130.5,146.2,35.08,20.19,32.34,63.54,331.6,172.031666666667,180.7,98.2,255.58,284.383,286.037333333333,178.784,191.629,30.7,11.5,38.8,66.42,73.9,60.9,266,295.8,245.8,242.6,277.7,290.3,243.3,198.8,248,580.133333333333,15.51,212.07,187.95,220.42,72.05,148.93,152.21,202.115,170.52,93.83,87.758064516129,56.938,41.7383870967742,17.58,87.9796875,54.1025806451613,125,45.63,9.12,29.12,23.88,42.64,56.12,28.02,7.01,17.96,17.78,19.45,19.38,40.02,23.38,18.52,32.9,104.75,49.3,119.76,115.9,115.8,2.61,1.25,61.2,61.85,61.31,34.92,42.11,36.34,20.33,57.53,55.52,48.1,21.74,39.93,62.606,42.70125,48.0475,66.9355,37.254,56.1045,32.46375,35.45675,29.69325,20.1252,27.3938,99.4182,99.4248,98.9564,34.744,42.238,73.0082
"2015-10",36.74,33.75,57.21,113.98,35.61,17.3448275862069,29.3436666666667,159.25,121.75,156,112.2,155.05,123.9,118.3,139.75,145.7,34.35,19.21,30.61,64.17,317.6,172.477741935484,180,98.8,256.637741935484,284.741290322581,286.261612903226,179.78064516129,191.247177419355,32.1,12.4,39.1,62.6733333333333,72.4,61.7,265.1,296,234.5,228.4,278,280.2,243.4,197.5,247.9,568.1,16.94,199.02,187.95,220.42,71.55,148.43,151.71,199.82,170.54,95.33,87.0503125,56.206875,42.9671875,18.38,84.4821875,53.499375,100.26,43.38,8.25,27.5,24.2,42.75,55.82,27.92,7.02,17.87,17.69,19.29,19.15,39.56,23.77,17.94,32.54,105.05,49.6,118.76,114.6,114.5,2.79,1.4,60,60.85,60.24,34.66,42.12,37.87,20.64,57.16,56.78,46.62,19.05,38.15,62.0166666666667,42.649,46.5533333333333,62.9845,35.3666666666667,60.06225,32.43325,36.0496666666667,30.1045,21.47,25.924,98.4315,98.536,98.5955,33.85975,46.808,77.21775
"2015-11",36.34,33.62,57.71,114.26,35.47,17.2703571428571,28.9268965517241,160.7,107.3,154.75,119,158.55,122.8,117.8,138.7,145.4,34.17,18.63,31.1,66.47,315.6,172.959666666667,179.9,98.8,259.016206896552,284.700333333333,286.374666666667,179.776,190.588333333333,34.1,13.6,39,62.52,72.9,60.9,265,293.6,224.7,220.9,275.3,279.5,245.7,198,247.5,532.4,17.69,191.84,186.95,219.42,71.05,138.43,151.71,191.63,169.21,91.92,81.4033333333333,51.6296774193548,43.2564516129032,16.89,82.16,50.52,81.71,42.11,8.11,28.31,22.95,42.37,55.05,27.74,6.51,16.97,16.81,18,17.89,44.95,23.56,17.52,31.6,105.25,49.6,118.06,113.5,113.3,2.9,1.48,58.68,60.13,59.56,35.13,42.4,38.16,20.24,56.79,56.51,45.46,15.03,35.33,54.7045,42.8485,43.92675,58.912,33.668,57.306,31.783,34.2135,31.25,17.56725,24.84,97.8125,97.9595,97.86025,32.1785,38.8915,76.07625
"2015-12",36.82,34.36,58.76,114.67,35.53,17.1162068965517,26.1296666666667,160.05,119.05,157.65,111.4,147,132.9,118,124.3,145.3,34.16,18.23,31.59,60.47,319.6,173.455161290323,177.7,98.4,261.318709677419,284.17,286.256451612903,179.906774193548,186.878870967742,34.6,13.5,38.9,60.72,73.2,60.9,260,287,220.2,217,271.8,273.5,247,196,245,516.95,18.45,182.58,186.95,219.42,71.05,122.43,149.71,186.785,168.93,87.79,74.3515625,46.15875,42.9071875,16.58,82.6763636363636,49.3809375,76.51,42.03,7.57,27.29,22.23,41.31,54.02,25.71,5.72,16,15.83,16.91,16.72,46.85,22.42,17.7,30.33,105.05,49.5,116.86,112.4,112.4,2.84,1.44,57.65,59.12,58.55,35.1,42.23,38.11,20.08,56.29,56.04,44.64,12.91,34.55,50.512,41.8666,40.4568,57.0378,31.166,53.3212,31.6042,32.6044,31.25,15.448,23.2038,96.7142,96.7292,96.3,30.1214,31.7844,67.9816
"2016-01",36.85,34.68,55.93,115.05,35.83,16.6555172413793,23.3245161290323,160.25,119.55,158.85,113.2,148,127.2,118.4,141.75,149,33.85,17.18,30.68,59.08,317.6,174.08875,173.3,99,262.990322580645,284.290967741936,286.589666666667,179.050666666667,177.189919354839,31.7,12.2,37.9,63.52,72.8,59.3,255,276,217.8,214.6,266,265.9,257.5,196,244,498.166666666667,19.18,173.19,186.95,219.42,71.05,114.43,149.71,181.1,168.09,87.08,66.1059375,37.9503125,41.3775,16.51,72.1778125,45.559375,73.82,41.78,6.31,23.8,18.97,38.11,50.42,22.95,4.26,13.2,13.16,15.5,15.31,49.28,19.61,19.58,28.6,105.35,49.5,116.46,112,112,2.74,1.33,57.19,58.58,58.03,35.16,42.31,38.13,19.85,56.16,56,44.3,11.63,34.05,39.77825,40.5435,38.375,55.51675,29.43,51.0155,31.08875,31.36975,31.15,14.035,22.0255,95.68525,95.679,95.2015,28.782,29.24425,62.46175
"2016-02",36.85,34.86,60.19,116,34.89,16.4548148148148,22.2414285714286,159.4,119.95,158.8,113.2,158.1,132,119,141.4,144.5,33.88,16.85,30.04,57.27,312.6,174.691034482759,175.4,98.9,264.596551724138,284.350689655172,287.038965517241,178.683793103448,169.148620689655,31.1,13.2,38.6,62.32,73.2,61.5,252.8,269,208.9,208,256,253.8,248.6,197.6,244,486.6,19.22,169.74,186.95,219.42,71.05,115.93,150.71,176.1,165.49,87.39,60.85,31.6406666666667,39.655,16.9,63.9526666666667,41.998,71.57,41.83,4.93,21.64,16.72,35.41,48.3,20.99,3.41,10.93,10.81,13.24,13.02,50.84,17.76,20.71,26.07,105.15,49.3,115.66,111.1,111.1,2.37,0.96,56.67,58.08,57.52,34.42,41.5,37.18,19.25,55.6,55.39,43.83,10.33,34.27,36.825,39.3006666666667,36.58175,53.93675,27.532,48.00925,29.47775,29.8436666666667,30.65,13.33475,21.228,94.58525,94.52025,93.951,27.37,26.873,57.04475
"2016-03",36.98,35.24,60.53,116.81,34.56,16.3366666666667,20.496,158.1,122.6,143.1,107.8,163.566666666667,134.8,109.4,124.5,95.3333333333333,33.9,16.42,29.8,57.77,308.6,175.467666666667,171.5,98.8,266.056774193548,284.760322580645,287.270967741935,176.803548387097,168.575967741935,31,12.3,38.4,60.3866666666667,74.5,61.4,260.5,274.5,233.7,231.5,269,266,247.7,198,247.9,485.525,20.49,186.28,186.45,218.92,71.05,113.93,152.71,174.93,166.43,98.19,57.4175,27.94,37.4178125,17.04,62.3890909090909,40.2321875,69.63,41.77,3.89,20.11,15.38,34.1,46.91,18.44,2.37,9.23,9.19,11.26,11.11,51.15,14.79,22.74,23.93,105.15,49.3,114.76,110.2,110,2.07,0.68,56.19,57.51,56.96,33.56,35.99,35.42,16.76,55.3,55.05,43.21,8.83,32.48,34.5222,38.2335,34.6028,52.2305,25.9566666666667,46.474,27.3274,28.593,29.75,12.40925,20.6815,93.611,93.52225,93.0365,25.60025,24.7015,53.50775
"2016-04",36.96,35.48,61.03,117.81,34.35,16.34875,20.2731034482759,160.7,118.5,157.6,115.1,155.1,132.75,119.5,124.2,145.2,33.82,16.26,30.59,58.11,308.6,175.797,178.2,98.6,267.045862068966,285.196,286.442,177.96724137931,173.0495,32.2,12.3,38.9,64.32,76.7,60.8,272.7,296,228.7,224.3,278.9,272.4,255.4,203.5,256,490.5,20.73,179.1,186.95,219.42,71.05,109.43,150.21,174.26,168.16,94.53,55.1077419354839,27.2977419354839,35.4132258064516,17.1,68.2096774193548,41.8116129032258,72.77,42.17,3.45,15.29,10.62,34.31,44.72,17.11,2.71,6.37,6.3,8.81,8.58,46.93,15.7,21.16,22.31,105.15,49,114.46,109.6,109.6,1.9,0.51,56.63,57.76,57.21,33.46,40.02,35.94,18.69,54.97,54.75,42.86,7.74,31.45,33.939,36.0795,34.7793333333333,62.628,25.385,48.071,25.59225,28.6483333333333,29.243,12.7705,20.6875,92.52725,92.468,92.04225,25.2085,24.2605,50.319
"2016-05",36.64,35.29,61.5,118.7,34.15,16.3258064516129,20.4503333333333,163.5,120.1,144.6,114.65,161.65,130.8,120.3,159,145.3,33.91,16.52,31.01,57.33,303.6,176.766129032258,179.1,99.4,269.01935483871,285.194516129032,286.072903225806,178.585161290323,176.740806451613,34.8,12.9,39,67.22,75.2,61.6,278,309,230.8,224.4,276.7,284.5,259.9,204.2,253.1,500.6,20.59,172.39,186.95,219.42,71.05,110.43,153.876666666667,176.31,167.63,99.58,55.686875,28.30375,33.744375,17.26,61.355625,39.9575,87.54,44.71,3.84,22.34,17.02,35.31,48.74,18.05,3.22,10.92,10.8,12.67,12.67,45.03,17.42,19.97,22.94,104.85,48.9,114.26,109.8,109.7,1.82,0.51,59.64,59.99,59.42,34.41,39.73,35.68,19.71,54.72,54.53,43.46,8.54,32.68,37.567,35.9323333333333,38.6283333333333,58.9156666666667,26.985,51.565,27.498,30.155,28.7985,14.11425,20.79,92.1415,92.14925,92.144,27.095,33.488,51.787
"2016-06",37.52,35.61,61.93,119.21,34.23,16.2958620689655,20.5189285714286,164.9,110.3,158.6,108,164.1,140.1,121.1,142.75,144.6,34.28,16.94,34.01,58.42,308.6,177.302666666667,185.6,102.1,270.126666666667,284.722068965517,286.422,179.259666666667,185.508916666667,37.1,14.1,39.7,67.72,78.6,62.1,281.4,306.3,244.8,238,280,282.5,257.8,205.2,255.6,518.85,19.11,193.09,187.95,219.92,72.05,123.93,155.21,180.66,165.64,103.59,59.3409677419355,30.0661290322581,31.5925806451613,17.58,67.830625,42.3758064516129,109.08,50.71,4.31,23.03,17.85,36.05,49.69,20.91,3.82,12.04,11.72,14.22,14.23,43.73,19.3,15.93,25.31,104.95,49,116.36,112.4,112.3,1.98,0.57,62.05,62.89,62.18,35.54,39.94,35.97,19.47,55.6,55.28,45.16,12.14,37.83,38.569,35.9186,40.2864,65.7032,29.672,56.1654,29.6998,31.075,28.2902,15.5515,21.06575,91.895,91.9445,92.05225,29.6825,38.9215,52.70975
"2016-07",37.79,35.92,62.39,119.63,34.33,16.7020689655172,20.7313333333333,166.05,138.45,159.5,108.5,161.85,140.7,122.4,127.7,145.5,34.83,17.38,34.66,62.26,310.6,177.91,180.6,102.8,271.203,285.3,286.896774193548,179.795806451613,187.759596774194,31.5,11.5,39.2,69.22,75.9,63.8,283,305.9,244,239,283,281,258.2,206.5,264.2,541.75,17.86,202.3,187.95,220.42,72.05,114.93,153.21,179.86,166.15,96.83,62.9690625,32.2153125,29.298125,17.93,73.3472727272727,45.6946875,120.26,51.55,4.46,24.37,19.35,36.88,51.2,23.08,4.22,13.52,13.35,15.44,15.51,47.29,20.76,16.86,28.45,104.85,49,117.96,114,113.9,2.55,0.58,62.09,62.75,62.14,35.39,40.37,36.43,19.74,56.15,55.88,46.02,16.1,40.52,39.83175,36.42725,42.77325,65.33875,31.83,59.7755,31.18175,31.48525,27.6725,17.20325,21.507,91.593,91.70625,91.6795,32.41375,41.534,54.10075
"2016-08",38.53,36.73,62.89,119.98,34.61,17.005,20.6926666666667,167.5,109.1,159.25,108.8,162.9,135.55,122.3,95.4,143,35.56,17.94,36.49,61,326.6,178.406451612903,178.3,103.3,272.332580645161,285.952580645161,287.591612903226,180.045483870968,184.527983870968,30.1,11.5,39.3,26.72,73.9,64.2,282.7,309,246.5,241.5,281.9,279,261,207.8,258,545.8,16.01,199.56,187.95,220.42,72.05,113.93,153.71,178.793333333333,168.14,92.3,65.993125,33.915,26.71125,18.24,72.44375,45.8784375,107.49,46.48,5.38,25.39,20.33,38.07,52.12,25.7,4.67,14.27,14.11,16.28,16.21,52.58,21.98,18.97,30.59,104.95,49.2,118.46,114.6,114.5,2.17,0.74,63.42,63.97,63.41,36,40.98,36.95,19.48,57.02,56.7,47.11,20.15,43.71,39.05275,36.1156,40.7802,64.3595,32.634,56.73625,32.7255,31.60825,27.19275,16.9396,21.4184,91.2442,91.2308,91.1796,31.4528,37.591,51.931
"2016-09",38.14,36.52,63.25,120.47,34.23,17.1320689655172,20.6186206896552,171.9,123.7,160.8,111.4,163.6,136.15,130.1,160.2,145.6,35.87,18.32,37.78,59.79,319.6,178.663,184.2,104.1,273.251333333333,286.452666666667,288.109666666667,180.056,167.157333333333,33.7,13.1,41.6,35.22,80.1,63,291.4,321.4,248,244.3,276.8,278.6,262.8,208.9,259,540.266666666667,17,199.7,187.95,220.42,72.05,119.93,163.21,178.86,168.85,103.72,67.7364516129032,35.4848387096774,23.7712903225806,18.49,60.73375,37.6890322580645,98.82,45.61,5.74,26.44,21.05,39.13,53.05,27.27,5.03,15.06,14.92,17.02,17.08,50.28,22.42,19.06,32.15,104.95,49.2,118.46,114.5,114.4,2.21,0.77,61.42,62.12,61.53,35.4,41.43,37.29,19.71,57.1,56.78,47.22,21.65,42.85,36.208,34.7015,38.039,63.4155,32.19,50.19075,31.743,30.88125,26.6935,17.0495,21.42275,91.07625,91.0345,90.8755,30.86975,34.3605,49.44075
"2016-10",38.16,36.86,63.57,119.77,33.79,16.775,20.399,158.2,122,156.133333333333,119.35,157.75,140.75,123.1,149.5,146.5,35,18.52,35.15,60.03,319.6,179.068064516129,190.328,104.023214285714,273.937741935484,286.962580645161,288.674193548387,180.010333333333,161.9975,35.4,13.2,42.1,39.125,77.7,61.7,304.8,304.8,246.5,243.5,278.6,280.1,263.5,210,259,531.65,17.09,203.07,187.45,220.42,72.05,116.93,151.21,176.79,170.65,88.59,65.7525,34.2009375,20.41625,18.59,51.4725,33.9434375,90.51,45.3,6.1,26.27,20.86,39.91,52.86,28.1,5.14,14.75,14.58,16.22,16.13,43.36,22.42,18.26,31.69,105.15,49.4,117.96,113.8,113.6,2.42,0.95,58.69,59.88,59.33,35.02,41.87,37.74,20.22,56.98,56.66,45.9,18.3,38.75,33.823,34.12225,35.22275,57.20025,30.17,46.23225,30.90225,29.612,26.64125,16.04725,21.3975,91.1615,91.25825,91.96725,28.4585,30.211,50.9405
"2016-11",38.54,37.38,64,121.22,34.18,16.152962962963,19.52,170.6,122.5,146.2,119.65,161.15,132,123.1,127,145.4,34.47,18.44,33.19,65.94,308.6,179.426666666667,190.653,104.595666666667,274.793333333333,287.311333333333,289.139310344828,179.588666666667,172.06375,35.9,12.7,39.1,45.42,70.9,61.7,284,311.1,251.8,248,276.6,282.9,254.9,211.7,259.2,516.9,17.58,185.97,186.95,219.42,71.55,114.93,151.71,175.38,169.88,85.82,60.7035483870968,30.9293548387097,17.188064516129,18.45,38.3093548387097,30.7864516129032,75.58,44.36,6.02,25.55,20.17,39.43,52.16,23.79,4.91,14.11,13.89,15.21,15.23,39.67,21.29,18.67,29.24,105.15,49.2,116.66,112.3,112.3,2.28,0.81,58.6,59.53,58.97,34.03,41.87,37.54,19.64,56.4,56.31,44.78,13.83,35.97,32.1042,33.4658,33.0696,54.2212,27.836,44.4608,29.651,28.3892,26.3782,13.20925,20.06975,90.5875,90.732,90.42075,26.6278,26.0702,46.16875
"2016-12",38.33,37.56,64.32,121.71,34.28,15.9633333333333,16.757,170.85,119.15,146.2,112,156,134.3,122,149.2,146.8,33.85,17.12,31.57,60.07,308.6,179.380967741935,190.453548387097,105.196451612903,275.386774193548,287.554193548387,289.464516129032,178.846129032258,174.041935483871,35.6,12.8,37.5,47.82,71,60.4,280.8,298.3,230,227.8,281,278.8,266.2,211.7,258.5,505.15,18.16,179.61,186.95,219.42,70.55,104.43,150.71,173.973333333333,160.84,80.81,58.773125,30.3790625,14.8475,18.05,34.6333333333333,27.905,75.11,44.7,5.26,24.16,18.52,37.38,50.4,21.19,3.92,12.61,12.42,13.83,13.73,35.35,19.22,18.21,26.66,103.65,47.5,115.66,111.2,111.2,2.08,0.6,57.73,59.58,58.93,34.39,41.24,37.1,18.46,55.98,55.85,44.4,11.9,35.12,30.66225,32.188,31.4815,52.66175,26.248,42.3845,28.72325,27.441,25.7545,11.8495,19.1105,89.467,89.6256666666667,89.491,24.99925,23.84225,42.5006666666667
"2017-01",38.45,37.68,64.65,121.87,33.92,15.5489285714286,12.2648387096774,173.35,121,162.2,119.5,155.65,136,121.1,148.85,145,33.09,14.38,28.29,64.27,308.6,179.656774193548,184.778064516129,105.945161290323,274.78,286.585806451613,289.784333333333,170.86,159.357661290323,31.3,11.5,38.5,38.72,77.2,60.3,279.8,294,226,224.5,272,272.8,267,212.7,258,486.3,18.76,172.33,186.95,219.42,71.05,114.096666666667,152.21,170.42,166.18,76.37,48.6646875,21.426875,12.0078125,17.38,32.2509375,25.786875,70.72,44.05,3.25,21.82,16.07,34.35,47.95,19.31,1.77,10.19,10.07,11.99,11.83,34.96,12.12,18.9,23.37,105.15,48.9,115.06,110.5,110.5,1.63,0,56.85,58.21,57.6,32.63,35.74,34.87,16.1,55.74,55.62,43.82,9.91,33.12,28.8155,30.592,29.434,50.05875,25.394,40.771,25.903,26.076,25.359,10.14825,17.1325,88.8505,88.9545,88.66675,22.73075,21.56925,39.9053333333333
"2017-02",37.66,38.17,63.62,122.7,33.32,16.2528571428571,10.0255555555556,170.3,118.05,161.05,111,148,134.2,118.8,130.75,146.9,32.37,11.85,22.74,63.51,301.6,179.922142857143,183.534230769231,105.856785714286,274.942962962963,283.541428571429,288.731785714286,161.989285714286,151.189464285714,29.6,10.4,37.4,27.12,76.2,58.5,271.9,274.8,222.9,222.7,269.5,268.5,266.05,213,257.3,473.133333333333,19.3,166.36,186.95,219.42,71.05,115.43,151.21,180.42,159.21,63.98,35.9192857142857,12.4257142857143,9.25896551724138,16.63,29.2157142857143,23.1071428571429,65.81,43.47,2.35,20.91,15.06,33.5,47.12,17.88,1.18,9.21,9.11,10.86,10.73,33.83,8.65,16.37,20.66,105.25,48.6,114.46,109.8,109.7,0.89,-0.69,55.61,56.87,56.24,31.19,34.95,33.67,13.25,54.71,54.91,42.81,8.05,31.11,26.836,28.31925,26.61575,47.0036666666667,21.345,39.154,22.0803333333333,24.603,24.2886666666667,7.59625,15.28475,87.75675,87.845,87.41325,18.12975,16.5915,37.35
"2017-03",36,37.84,57,123.19,29.84,18.9876666666667,10.0225,170.9,110,159.7,115,152,130.45,116.8,149.2,149,32.42,12.62,23.33,56.01,308.6,180.11,184.937333333333,105.376666666667,274.726451612903,284.091290322581,280.95935483871,129.864193548387,134.717661290323,30.3,11.1,38.8,23.5333333333333,75.7,53.9,272.3,274,222,221.6,270.2,269,266.9,213.6,256.7,465.6,17.89,170.87,186.95,219.42,71.05,114.43,151.71,184.92,170.9,68.18,33.8584375,11.6025,9.0746875,17.19,28.4828125,20.5953125,59.55,42.74,2.81,22.23,16.52,34.38,48.38,18.62,1.82,10.34,10.22,11.08,11.06,31.42,12.53,0,19.27,104.95,48.3,113.86,109.2,109.2,0.41,-1.09,56.76,57.37,56.79,31.38,37.62,33.74,17.18,53.97,54.09,41.98,6.44,29.68,24.5806,25.1974,23.9206,43.4738,19.82,37.3894,18.4762,23.1556,23.0232,6.41,14.795,86.4808,86.5786,86.2018,14.0074,12.799,35.0266
"2017-04",35.02,37.67,53.12,122.68,28.95,20.2153333333333,10.3403448275862,170.85,120,158.65,107.2,142,127.1,115,146,139,32.72,13.14,27.05,57.71,308.6,180.365,188.673,105.683666666667,275.557333333333,281.361,256.372333333333,141.405,120.115916666667,30.9,13.5,38,26.52,66.9,51.7,274,283.7,223,222,271.3,272.3,266,213.8,258,466.55,13.49,176.08,186.95,219.42,70.55,116.43,154.21,201.42,155.74,65.63,36.6345161290323,14.2541935483871,8.74548387096774,17.18,35.418064516129,20.5325806451613,66.18,43.09,2.85,19.58,15.04,34.45,47.85,16.4,2.38,9.31,9.22,10.88,10.78,28.66,13.97,5.29,18.22,105.05,47.9,113.56,108.9,108.8,0.12,-1.29,54.42,55.64,55.04,30.72,34.73,33.04,16.61,53.12,53.27,41.08,6.6,28.71,23.74125,22.451,22.32175,42.12375,18.7075,36.443,18.019,22.89875,22.75325,6.745,15.711,85.6696666666667,85.9656666666667,85.4153333333333,11.4175,11.4075,33.4755
"2017-05",34.67,37.15,50.19,120.61,28.67,20.5339285714286,10.4037931034483,166.15,122.4,151.7,111.7,149.55,127.9,114.6,146.35,141,32.96,13.53,28.88,59.96,308.6,180.458387096774,192.76,106.186129032258,275.761935483871,273.244193548387,252.645,155.554516129032,118.02185483871,31.4,12.3,38.5,30.82,67.7,51.7,280,290.6,222.5,221.1,270,272.7,266.8,214.3,258.9,475,11.53,162.68,186.95,219.753333333333,71.05,122.43,155.21,203.92,154.53,71.31,43.5784375,18.0709375,9.3203125,17.08,44.0590625,22.83375,84.98,50.46,2.62,18.38,13.43,33.84,46.54,18.28,2.52,8.17,8.08,10.14,10.08,25.66,15.95,13.79,18.27,104.65,47.7,113.06,108.4,108.4,-0.01,-1.09,57.39,57.7,57.16,32.58,37.3,33.31,17.86,52.86,52.97,41.09,4.44,28.28,27.116,22.051,26.2564,49.6788,19.824,41.7298,18.9288,24.883,22.46,8.8424,17.374,85.4796,85.6564,85.792,13.3626,17.8506,36.9635
"2017-06",34.45,36.67,47.08,116.24,28.65,20.8,10.5085714285714,162.65,112.5,152.5,114.7,155,132.5,116,163.5,140,33.6,14.16,27.46,60.72,308.6,180.456551724138,195.792333333333,106.575333333333,275.377333333333,261.31,260.977333333333,168.106666666667,123.363,32.9,12.6,38.5,37.02,68.3,53.5,279.4,288.2,222,223.5,274,277,266.5,213.6,261.9,485.65,8.83,159.98,186.95,220.42,69.7166666666667,128.43,156.71,216.92,152.7,72.72,50.0909677419355,22.228064516129,9.96903225806452,17.27,48.754375,23.4657142857143,84.29,46.49,2.93,23.5,17.02,34.46,50.09,20.15,2.81,11.32,11.21,12.2,12.15,41.81,17.96,15.59,21.93,104.95,47.8,114.26,109.6,109.6,0.23,-1.24,58.37,58.82,58.25,33.76,37.79,33.85,18.63,53.92,53.98,44.82,11.23,33.75,35.1955,23.515,29.59725,55.43475,22.988,46.314,21.63475,26.44,22.0295,11.45525,18.39875,85.73375,85.897,86.01325,17.9245,26.84525,39.091
"2017-07",34.32,36.16,45.55,112.45,29.05,21.6776666666667,10.7516129032258,148,113.5,135,115,152.85,134.8,116.5,146.15,145,34.1,14.9,30.42,59.78,308.6,180.411612903226,196.396153846154,106.721290322581,274.130967741935,263.193225806452,271.764516129032,172.454666666667,131.049435483871,34.6,13.4,38.9,41.52,64,54,278,291.1,223.8,221,275,275.1,254.1,215.7,266.5,503.05,9.19,158.49,187.45,220.42,70.05,137.43,155.71,227.59,153.31,87.66,54.9209677419355,25.9770967741935,10.963125,17.47,56.07,33.93,85.04,52.12,3.5,25.81,20.54,35.59,52.13,21.88,3.31,14.53,14.4,15.61,15.73,44.69,19.97,17.3,25.85,104.55,47.8,114.36,109.6,109.6,0.46,-1.09,60.63,60.67,60.13,35.35,38.27,34.43,19.4,55.32,55.33,46.81,17.14,35.41,57.16925,26.6265,37.7805,54.98275,26.47,55.6295,24.8735,29.211,22.78625,14.13475,19.54175,86.05975,86.18725,86.55175,21.79525,32.7305,44.38525
"2017-08",34.32,35.88,44.49,109.33,29.21,21.7570967741935,10.8820689655172,73.9,103,151.75,102,144.9,130.6,116.7,147.5,146,34.24,15.06,32.73,61.88,319.6,180.441666666667,223.168571428571,106.912258064516,273.053870967742,267.853870967742,277.831290322581,174.097096774194,135.214516129032,31.8,11.2,38,46.92,64.7,55.3,268.8,286.4,222.1,220,270.4,275.9,237,215.5,266.7,512.8,8.65,158.1,186.95,220.42,70.05,139.93,154.21,220.92,153.28,85.92,57.3025,28.6634375,11.01125,17.58,53.9340625,36.01,82.21,46.89,4.14,24.25,19.97,36.88,52.11,24.25,3.8,14.5,14.42,16.03,16.09,63.72,21.52,18.76,30.28,104.35,47.8,114.46,109.8,109.8,0.62,-0.82,60.79,60.96,60.45,36.07,39.01,35.15,19.61,56.02,56.17,47.85,21.29,37.81,37.3626,28.36,34.4524,55.3768,27.7383333333333,49.1658,26.4992,28.2984,23.1848,14.4524,19.8626,86.0536,86.196,86.241,21.532,29.1596,41.9728
"2017-09",34.12,35.6,43.71,106.47,29.35,20.8464285714286,11.0110344827586,147.1,103.5,154.15,108.15,146,129.633333333333,117,121,158,34.65,15.33,32.97,61.27,319.6,180.442333333333,227.425,107.10275862069,270.850333333333,270.796666666667,281.228666666667,174.915333333333,141.070333333333,30.4,7.8,38.7,26.22,64.1,51,261.8,269.3,219,216.55,265,256,215.3,216,267.6,516.95,7.49,156.15,186.95,220.42,70.05,139.43,155.71,218.42,151.87,62.58,59.9141935483871,30.561935483871,10.7916129032258,17.52,56.6396875,36.59,78.42,45.25,4.58,24.8,20.08,38.03,52.72,26.24,4.22,14.48,14.36,15.93,15.82,53.04,22.22,19.76,31.3,104.35,47.9,114.36,109.7,109.6,0.9,-0.67,59.54,60.02,59.44,35.71,39.71,35.81,19.87,57.2,57.13,47.09,23.52,38.94,30.093,27.40625,30.0125,56.33575,26.9,42.1705,26.27925,27.07925,22.63875,14.282,19.72275,85.82175,86,85.86575,21.9185,27.92075,40.67325
"2017-10",34.42,35.36,43.06,99.02,29.56,20.1120689655172,11.3051724137931,146.3,109.35,154.65,114.5,158.8,133.35,116.8,143.1,142.2,34.45,15.49,32.48,60.59,308.6,180.316451612903,232.931111111111,107.107096774194,267.110322580645,272.661612903226,282.968064516129,175.515806451613,147.517258064516,30.4,10.7,38.4,23.9866666666667,62.4,54.9,251.8,258.3,217,215.1,258.4,247.9,209.7,216.1,265,513.233333333333,8.46,160.33,186.95,220.42,70.05,139.43,157.21,208.92,152.44,64.29,59.38375,31.03125,10.6152941176471,17.56,53.2534375,36.2533333333333,73.55,44.66,5.44,24.91,19.38,38.95,51.79,28.83,4.61,13.63,13.5,15.06,15.07,44.28,22.15,20,31.67,104.15,47.9,114.36,109.5,109.3,1.09,-0.49,56.72,57.83,57.31,34.83,40.16,36.27,20.29,55.84,56.07,46.11,21.25,33.77,28.254,26.87,28.2045,49.8645,25.19,40.421,25.34325,26.25175,22.71,13.69375,20.033,85.9095,86.0665,86.173,22.7555,25.0795,41.3675
"2017-11",34.32,35,42.58,102.27,29.6,22.0579310344828,11.0853333333333,147.2,111.8,150.9,109.3,158.7,132.25,116.5,146.25,144.4,34.7,15.38,32.27,59.5,319.6,179.912105263158,203.366153846154,106.766071428571,263.081818181818,274.521666666667,283.955172413793,176.19,149.612333333333,31.2,11.4,39.2,27.72,65,50.7,238,242.7,213.7,211.9,251.5,236.6,198,217.3,265.6,502.5,8.98,151.9,186.45,219.42,70.05,131.43,153.71,209.92,150.9,63.12,55.3462962962963,29.4490322580645,10.23,17.49,47.331935483871,33.7932258064516,76.27,45.83,5.49,23.61,18.82,39.04,51.19,26.76,4.64,13.32,13.11,14.28,14.22,38.45,21.61,19.72,29.91,104.35,48.1,113.06,109.4,108.4,1.37,-0.28,55.67,56.84,56.32,34.72,40.76,36.91,20.12,55.05,55.23,43.66,16.27,33.06,26.7412,26.2586,26.196,47.2394,23.948,39.1262,24.9192,24.8476,22.4862,11.6654,19.9654,85.3792,85.5,85.3826,18.9468,19.2908,36.5756
"2017-12",34,34.72,42.11,100.95,29.6,23.12,10.8351724137931,152.45,111.4,155.45,70.7,160.1,130.6,117.4,121.5,145.2,34.36,15.72,31.46,60.99,330.6,179.714444444444,200.160416666667,106.252307692308,258.020869565217,275.79064516129,284.588709677419,176.6996,147.002338709677,30.7,11.6,38.4,33.62,67.4,51.8,219,221,208,206,242,226,190,217,264,493.7,9.46,150.66,185.95,219.42,70.05,116.43,155.21,202.586666666667,149.55,64.39,53.39,28.888125,10.8835714285714,17.48,43.4248484848485,33.0778125,68.6,44.86,5.62,25.32,19.75,39.43,52.15,26.28,4.91,13.94,13.74,14.33,14.38,33.65,21.07,19.27,27.92,104.35,48,112.26,107.4,107.4,1.43,-0.27,56.35,57.3,56.74,35.03,40.76,36.79,20,54.99,55.14,43.4,13.35,32.38,25.267,25.47475,25.01125,46.0725,21.805,37.151,24.4275,23.84875,21.817,10.312,19.135,84.69725,84.8315,84.74525,17.81075,18.138,34.51375
"2018-01",34.13,34.6,41.87,98.95,29.76,23.2072413793103,10.1457142857143,159.8,104.8,167.95,111.8,159.8,128.75,117.6,121.8,145,34.1,14.65,30.58,59.01,342.6,179.666842105263,198.554615384615,106.007407407407,251.86,277.12,285.219677419355,176.9048,138.338629032258,31.1,11.3,38.9,30.22,73.7,53.6,209,209.7,202,200.8,231.5,216,181.2,217,263.3,485.35,8.11,149.8,185.95,219.42,70.05,113.43,152.71,198.92,155.89,66.86,52.96,28.110625,10.9684375,16.69,35.5103125,30.09125,67.87,44.66,5.38,24.98,19.35,38.48,51.58,24.97,4.23,13.58,13.43,14.49,14.44,32.09,20.38,18.6,26.63,104.25,47.9,112.06,107.2,107.2,1.34,-0.29,55.14,56.32,55.79,34.72,39.59,36.51,18.78,54.49,54.68,42.63,11.21,31.7,24.0982,24.231,23.738,44.9794,20.9175,36.1184,23.6808,23.2038,21.5114,9.7764,18.8136,84.236,84.329,84.0572,16.1556,16.4882,32.8504
"2018-02",34.13,34.5,46.07,98.58,31.66,24.4273333333333,10.2293333333333,159.45,114.75,146.65,111.6,160.65,125.5,117.8,123.5,145.7,33.97,14.87,30.86,56.17,305.6,179.587692307692,198.75037037037,105.775925925926,248.004074074074,276.7725,285.7616,177.090740740741,144.878303571429,31.9,11.6,42,36.42,68,49.6,202.8,209,207,203.9,222.8,209.2,175.7,217,266.5,476.45,9.03,149.36,186.075,219.18,70.01,123.72,154.175,206.03,152.19,67.24,54.63,28.9175862068966,11.2496428571429,16.93,32.6810344827586,29.5189655172414,66.87,44.83,5.33,25.18,19.34,38.31,51.6,26.13,4.26,13.58,13.4,14.5,14.47,30.71,19.81,17.66,24.89,103.75,47.9,111.66,106.8,106.8,1.22,-0.46,54.33,55.57,55.04,34.21,39.79,35.79,19.36,53.67,53.84,41.94,9.53,30.87,22.852,22.95325,22.88175,47.72525,20.392,34.944,22.445,22.56425,21.0785,10.19575,19.08925,83.74025,83.81125,83.64,15.218,16.0605,30.94225
"2018-03",34,34.33,46.99,99.76,32.31,23.7537931034483,10.0485714285714,157.2,111.55,162.1,112.75,145.9,126,117.2,123.8,142.8,33.71,14.69,29.62,55.17,308.6,179.122580645161,195.56935483871,105.170322580645,244.261612903226,278.316774193548,286.217142857143,177.42435483871,130.730806451613,31,12.2,38.9,31.1266666666667,61.3,51,195.85,203.4,200.5,197.75,219.8,208.7,170.6,216.7,266.1,478.4,9.48,148.48,186.03,218.975,70.085,122.18,155.68,220.47,149.01,69.27,51.12,27.876875,11.2153125,16.91,25.8154545454545,26.1325,68.41,44.84,5,21.89,17.2,36.25,49.07,26.45,3.33,11.41,11.32,13.21,13.11,29.67,19,17,23.67,103.85,47.7,111.56,106.5,106.6,1.06,-0.66,53.73,54.97,54.45,33.72,38.69,35.18,18.29,53.07,53.24,41.27,8.2,30.11,21.92175,22.63975,21.37275,43.40125,20.0083333333333,34.01975,20.3065,22.0055,20.99525,10.04175,18.98025,83.4765,83.536,83.36675,13.9125,14.12575,30.01475
"2018-04",34,34.29,47.43,101.18,31.63,23.5913793103448,10.1960714285714,156.45,121.7,164.05,112.65,151.3,130.6,116.8,122.8,144.5,33.9,14.76,31.41,55.41,308.6,178.566333333333,198.202333333333,104.841666666667,244.142333333333,278.943333333333,286.341379310345,174.197692307692,125.039333333333,30.2,12.4,40.2,29.42,60.6,52.3,193.2,201.6,197.2,194.8,218,207.3,170.1,215.9,263.2,470,7.39,146.54,186.205,219.21,70.765,126.255,153.35,206.455,147.84,70.1,50.12,27.4,10.7443333333333,17.15,19.13,22.3603225806452,69.91,47.35,3.39,14.5,12,34.03,44.18,26.9,2.63,7.08,7,10.23,9.91,28.84,16.68,14.42,21.78,103.85,47.5,111.26,106.3,106.2,0.74,-1.01,54.85,55.5,55.03,33.02,38.28,34.16,17.88,52.69,52.7,40.79,6.87,28.72,20.99925,21.39775,19.93575,41.42025,19.2525,33.41625,17.814,21.36975,20.576,9.487,19.17775,83.2885,83.368,83.28375,12.25825,12.96625,28.97
"2018-05",34.3,34.32,48.7,102.53,31.33,23.7439285714286,10.2026666666667,158.35,137.1,141,117.4,149.5,129.65,116.5,131.1,144.2,34.23,15.25,32.76,55.87,296.6,178.337666666667,200.215333333333,104.402580645161,245.103,280.231290322581,285.26,177.962258064516,136.552822580645,34.4,13.4,38.5,35.42,59.5,51.1,210.2,233.8,205,200,227,217.9,170,215.9,267,489.666666666667,8.01,157.04,186.51,219.665,70.95,125.275,158.845,209.965,152.93,72.37,55.23,29.7761290322581,10.3435483870968,16.99,28.7421875,25.9809677419355,79.2,47.4,3.09,16.54,12.78,33.97,45.12,28.69,2.68,7.6,7.5,9.11,9.02,36.57,17.57,15.22,22.4,103.45,47.4,110.66,105.7,105.7,0.74,-0.92,56.57,57.04,56.53,34.26,37.98,34.14,18.64,53.79,53.89,41.95,8.52,29.45,24.8334,22.5672,25.0926,49.644,21.0833333333333,41.722,18.5138,23.7588,20.3602,12.6272,21.1996,83.9692,84.0968,84.3146,16.649,22.099,35.9936
"2018-06",34.11,34.4,49.24,104.03,32.13,24.6592592592593,10.3637037037037,160.05,125.1,141.9,114.1,145.1,125.4,117.2,123.5,145.2,34.54,15.96,34.17,56.13,308.6,178.358,202.171,104.327586206897,245.420666666667,280.728275862069,285.412413793103,178.674333333333,133.7615,35.9,13.9,38.7,45.62,67.6,54.9,207.2,223,195.2,192.2,250,234.2,175,214.7,273.5,511.9,8.77,117.12,186.64,219.975,71.275,129.045,160.27,224.95,153.7,76.25,57.24,30.9727272727273,10.1483870967742,17.21,35.0015625,28.9545161290323,99.49,53.83,3.3,20.72,15.32,34.74,47.98,31.16,3.04,10.03,9.93,12.12,12.11,43.95,19.38,16.69,24,103.45,47.4,112.16,107.9,107.8,0.77,-0.89,56.9,58.24,57.68,34.72,38.06,34.16,18.99,54.4,54.48,46.18,10.77,35.26,29.53675,23.3335,27.66725,53.1185,24.225,46.5065,21.65,25.0745,19.95,22.253,31.8615,85.68975,85.853,86.4485,21.9845,38.62475,76.55575
"2018-07",34.68,34.47,49.52,106.44,33.46,25.303,10.6024137931034,162,120.4,160.5,110.5,153.95,134.8,98.15,133.4,145.4,34.81,16.36,36,56.28,311.6,178.474193548387,204.757741935484,104.812258064516,246.443548387097,281.225161290323,285.990322580645,178.38064516129,146.119274193548,37.9,14.9,39.1,44.12,68.9,56.7,202.9,212,217.5,213.8,227.3,224.8,174.3,216.3,271.5,524.65,9.81,170.77,186.81,220.335,71.13,144.4,155.81,203.576666666667,155,73.44,61.86,34.8377777777778,10.4540625,17.47,41.746875,31.006875,101.45,54.44,4.15,25.02,19.38,36.64,51.99,32.15,3.88,13.74,13.65,15.54,15.69,51.14,21.33,18.34,27.31,103.45,47.6,113.56,109.7,109.5,0.94,-0.69,57.44,58.83,58.27,35.24,38.63,34.75,19.66,54.98,55.03,47.18,17.35,36.55,40.6345,24.08425,30.98725,53.2095,27.944,53.26025,23.665,27.50725,20.0705,45.09125,60.9874444444444,91.235,92.282,96.8775,26.82325,51.33875,97.403
"2018-08",34.97,34.59,50,108.11,34.06,24.7668965517241,10.8776666666667,162.2,112.5,174.05,113.8,156,140,124.85,132.85,146.2,35.32,16.84,35.88,56.21,314.6,178.91064516129,207.318387096774,105.837419354839,247.765666666667,281.802580645161,286.535161290323,176.389677419355,150.589677419355,31,10.8,38.8,39.32,71.9,56.3,196.5,210.8,194.9,191.9,224,216.5,175,214,269.6,536.7,9.51,174.95,187.06,220.535,71.12,146.485,154.065,212.67,153.19,72.29,66.11,35.2984375,10.829375,17.65,42.8184375,32.2509375,85.37,48.63,4.9,26.3,20.65,38.14,53.34,32.57,4.31,15.22,15.07,16.57,16.61,53.26,22.59,19.77,29.63,103.45,47.6,114.26,110.4,110.3,1.12,-0.48,56.43,58.02,57.49,35.77,39.32,35.61,19.7,55.21,55.34,48.2,21.1,38.51,35.4682,25.2686,32.9466,55.1448,30.2542857142857,48.5014,24.5502,27.1664,19.976,41.1186,57.3776666666667,100.2936,101.0098,105.1264,28.1354,49.4268,68.4512
"2018-09",35.67,35.01,50.61,108.81,34.33,21.7683333333333,10.8528571428571,162.4,112.35,170.55,119.55,155.9,142.15,125.65,126.2,147,35.59,17.05,34.37,55.28,319.6,179.408571428571,208.502333333333,106.478333333333,248.464333333333,282.660333333333,286.947586206897,178.511,149.936666666667,31.9,12,45,31.52,65,56.7,189.3,201.9,190.5,188.8,210.5,214.8,175.3,212.2,275,537.25,9.52,168.13,187.11,220.51,71.005,145.795,152.465,204.895,155.13,72.63,66.04,36.4435483870968,10.6825806451613,17.77,46.6464516129032,33.9641935483871,78.37,48.16,5.63,25.89,21.25,39.34,53.8,33.24,4.79,15.62,15.5,17.21,17.16,53.88,22.94,20.59,30.84,103.35,47.7,114.56,110.8,110.6,1.31,-0.37,56.12,57.71,57.18,36.23,39.89,36.23,20.24,55.47,55.66,46.07,20.99,38.35,28.223,25.19275,28.68925,51.9825,29.705,41.39425,24.5845,25.9805,19.54925,21.35875,33.410625,100.948,101.1545,102.083,27.7145,34.81125,56.0185
"2018-10",35.53,34.67,51.15,110.1,34.56,21.6326666666667,10.87,171.5,122.6,171.15,121.2,171.35,138.8,125.1,126.6,147,34.94,16.88,32.97,54.36,313.6,179.823225806452,208.224193548387,106.82064516129,248.630967741935,283.24064516129,287.535161290323,178.475357142857,149.452903225806,33.4,12.9,41.6,35.74,72.3,56.6,187.4,201.4,189,189,205,211,174,211.6,269,530.05,10.19,162.29,186.82,219.985,70.01,146.815,152.955,204.81,156.2,67.92,65.71,37.16125,10.6503125,17.9,44.6471875,33.28,72.47,46.83,6.62,30.49,23.89,41,56.26,33.47,5.5,17.83,17.64,18.33,18.37,50.27,22.63,20.64,30.56,103.45,47.8,113.86,109.6,109.6,1.52,-0.16,55.68,57.16,56.61,36.3,40.46,36.87,20.41,54.96,55.12,44.65,17.88,34.59,25.6096,23.3352,24.809,49.1962,27.4,36.6816,23.9498,25.0596,19.918,20.0648,29.67,100.4268,100.5508,101.275,27.084,33.3006,54.5886
"2018-11",36.28,35.01,51.6,111.68,34.42,23.2846428571429,10.75,165.75,115.1,153.55,114.65,158.1,140.2,124.85,125.8,147.1,34.91,16.63,32.65,53.85,320.6,180.125172413793,207.662,107.599310344828,248.583793103448,283.869,288.082333333333,178.643333333333,153.215083333333,35,13.6,40.3,40.22,68.3,57.3,186.7,204.5,188.1,186.9,202.8,205.7,174.8,210.1,270,522.175,11.31,152.84,186.515,219.605,70.46,149.09,155.305,205.71,152.84,71.47,65.14,37.2896774193548,11.1248387096774,17.42,41.8916129032258,30.2706451612903,80.4,52.72,6.99,28.72,24.65,41.72,56.82,31.49,5.66,18.5,18.38,18.71,18.83,46.2,22.23,20.29,30.37,103.45,47.9,113.06,108.6,108.6,1.67,-0.03,55.39,56.74,56.21,35.63,40.81,37.1,20.47,54.52,54.7,43.95,14.08,33.75,24.7375,23.56075,24.93575,46.82175,25.3366666666667,36.925,23.59125,24.15825,19.952,17.11675,27.727125,98.322,98.27725,96.834,26.465,29.36575,50.09575
"2018-12",35.91,35,52.23,115.07,35.77,22.0555172413793,9.93,161.95,117.05,145.2,117.05,159.45,132.9,123.95,127.2,147.4,34.26,15.13,30.22,54.35,315.6,180.422666666667,202.04,107.956129032258,249.190666666667,284.271612903226,288.572580645161,178.281290322581,138.135080645161,34.9,13.7,39.7,42.72,73.1,54.6,180,187.3,184.8,182,201.3,201.2,174.9,208.3,265.7,497.05,12.02,152.05,186.22,219.09,69.08,127.655,153.505,195.485,151.88,67.14,62.8119047619048,34.656875,11.06125,18.19,29.3854545454545,26.3146875,65,45.83,6.3,18.45,13.12,39.88,46.02,29.55,4.98,9.09,8.96,11.83,11.41,39.49,20.27,18.61,28.22,103.35,47.7,112.06,107.7,107.5,1.56,-0.21,55.18,56.83,56.32,35.59,40.77,36.85,20.13,54.02,54.18,43.39,12.17,32.98,23.54925,23.099,22.55675,44.96975,23.6025,34.49125,22.34575,22.88675,19.62525,14.04875,25.073,96.4435,96.402,94.75,24.47725,24.04775,45.11025
"2019-01",36,35.18,52.28,115.91,35.72,18.7364516129032,9.49433333333333,157,120.3,171.3,110.5,168.85,132.65,123.3,126.8,147.1,33.55,14.64,27.34,53.26,308.6,180.489,199.074838709677,108.252258064516,248.978709677419,284.454,288.928333333333,176.616774193548,128.8075,30.9,11,39,47.52,72.7,56.6,182.5,194.4,185.6,182.9,200.3,199.8,175.3,207,266,486.6,13.24,148.68,186.23,218.945,68.125,119.515,152.51,189.965,150.84,69.54,57.3503125,29.8053125,10.391875,16.8,25.7059375,24.1790322580645,63.49,45.29,5.37,18.19,13.92,37.53,46.87,27.35,3.96,9.07,8.86,10.91,10.74,35.65,16.44,14.37,25.79,102.95,47.5,110.86,106.4,106.3,1.25,-0.55,54.23,55.55,55.02,34.5,39.75,35.91,19.23,53.51,53.67,42.61,10.19,31.98,21.6806,22.158,20.8542,43.3006,21.875,32.7634,19.7106,21.5204,19.11,12.4964,23.6813333333333,94.5768,94.523,92.9494,22.6308,21.1316,41.0898
"2019-02",35.52,35.31,49.87,118.1,32.83,17.0703571428571,8.49148148148148,161.15,118.15,142,110.3,153.7,129.9,121.45,125.3,147.4,33.22,11.73,23.98,51.83,308.6,180.521428571429,197.615,108.885714285714,247.028214285714,284.126296296296,289.360714285714,155.767142857143,113.010089285714,29.7,9.5,38.1,25.32,69.9,49.6,180.05,189.3,184.85,182,196,199.7,176.3,206,260,479.15,14,147.51,186.15,218.775,67.34,117.515,155.265,187.345,148.73,60.77,46.7727586206897,20.4220689655172,8.20103448275862,16.58,21.7896551724138,20.9586206896552,69.96,40.68,3.61,16.71,12.9,34.54,45.21,23.89,2.25,7.8,7.63,9.63,9.4,34.18,11.01,8.33,22.89,103.35,47.5,110.36,105.6,105.7,0.6,-1.26,53.14,54.35,53.82,32.63,37.95,34.23,16.82,57.24,52.31,41.41,8.02,30.18,19.835,16.771,18.32025,41.01575,20.0575,31.035,15.957,20.0445,18.03475,11.14875,22.37,92.7995,92.7585,91.33075,19.298,17.99775,37.85675
"2019-03",34.32,35.16,47.03,124.53,29.73,16.3524137931034,8.79633333333333,159.45,116.85,147.75,112.95,153.25,128.5,118.6,123,143.5,32.28,11,21.64,49.89,296.6,180.223448275862,196.626129032258,108.978666666667,244.98064516129,283.733666666667,237.192580645161,100.740967741935,91.9358064516129,29.8,10.1,38.2,23.405,56.1,49.9,178.6,185.8,180.1,178.9,196.8,200.4,177.7,204,262.2,473.633333333333,14.51,147.68,185.79,218.635,67.12,116.785,150.79,186.365,146.84,64.58,40.390625,15.389375,7.721875,16.66,19.9639393939394,17.5828125,61.83,36.9,2.58,15.21,11.69,33.37,44.41,18.71,1.42,6.58,6.41,8.21,8.02,32.35,10.24,7.72,20.59,103.15,47.1,107.96,103.9,103.8,0.51,-1.45,52.75,53.91,53.36,31.39,37.3,34.16,17.13,57.19,52.34,40.86,6.42,28.4,17.93125,14.11125,14.866,38.00575,18.606,29.29825,13.7585,18.70925,16.57575,9.308,21.07,91.233,91.15425,89.751,14.238,13.7995,35.446
"2019-04",33.58,34.53,43.76,116.87,28.61,16.1392857142857,9.30896551724138,159.7,115.7,150.45,111.25,150.85,129.65,117.35,120.4,141.5,32.5,11.71,22.31,50.53,308.6,179.714666666667,199.662272727273,109.505666666667,246.851666666667,271.144333333333,194.253666666667,129.073333333333,83.9665,30,10.5,37.6,26.32,58.5,47.4,187.8,203,179.8,177.4,194.9,203.5,177.7,203,261,471.05,14.91,157.44,186.14,219.28,67.61,115.41,152.74,184.98,150.94,65.78,45.8067741935484,18.418064516129,8.67806451612903,16.95,21.6426666666667,17.3638709677419,64.6,45.19,2.97,19.88,13.98,33.81,46.7,19.18,2.35,8.56,8.4,9.63,9.4,34.31,13.71,11.32,19.21,103.05,46.8,106.76,102.7,102.6,0.13,-1.64,52.6,53.52,52.99,31.1,36.96,33.36,17.88,50.98,51,39.81,4.94,27.46,17.05775,12.4265,13.83275,37.47225,17.6675,28.52,13.80425,18.27725,16.17675,9.05075,20.5286,89.74875,89.73525,88.55525,12.32875,12.15075,33.675
"2019-05",34,34.8,41.02,113.21,28.26,18.36,9.42766666666667,158.9,115.55,157,109.45,152.85,123.6,116.45,130.8,143,32.89,12.28,24.23,50.83,308.6,178.853548387097,199.958,109.232903225806,244.992903225806,241.934838709677,223.590322580645,144.063870967742,85.4137096774193,30.2,10.5,37.8,26.92,53.7,50.3,183,203.3,179.9,177,193.9,200.6,176,202.9,262,481.1,11.41,163.64,185.47,219.645,67.7233333333333,125.693333333333,153.505,186.813333333333,149.67,83.36,49.2471875,22.1346875,9.5978125,16.81,26.8715625,19.8734375,71.25,46.23,3.06,22,15.74,34.46,48.67,20.21,2.55,10.3,10.14,10.33,10.33,41.87,16.04,13.64,19.54,102.85,46.8,106.96,103,108.6,0.2,-1.58,53.23,54.02,53.51,31.76,37.17,33.6,18.58,51.63,51.69,45.5,6.75,28.81,20.1692,14.1834,18.2513333333333,38.7884,18.5616666666667,32.99,15.5288,20.232,16.205,11.3512,21.466,88.9734,89.0656,88.5238,13.7996,16.6356,36.6312
"2019-06",32.94,34.06,38.12,108.4,27.96,19.561,9.59,148.8,102.8,140.25,113.7,144.4,123,115.3,119.8,140.8,33.09,12.53,26.41,51.34,308.6,177.768666666667,202.296551724138,109.201333333333,237.504333333333,245.252,249.786896551724,152.370333333333,94.7685833333333,30.7,10.8,37.5,28.82,53.4,45.6,187,174,174.4,177,192.5,197.4,168.6,201.4,264.7,487.25,10.85,150.37,186.595,214.68,69.25,139.05,154.415,195.32,149.75,70.37,53.5612903225806,25.6609677419355,10.1164516129032,17.13,31.6628125,22.9758064516129,78.01,46.35,3.38,25.21,17.92,35.38,51,21.43,3.12,12.42,12.23,13.54,13.55,46.89,17.62,15.02,20.44,102.45,46.7,107.26,103.8,107.5,0.25,-1.59,54.94,56.12,55.57,33.05,37.25,33.68,18.43,53.02,53.12,45.5,7.69,32.83,20.87525,14.988,18.663,45.30275,19.7975,34.0065,17.04125,21.3225,15.77825,12.35525,21.43075,88.39575,88.51375,88.05425,16.167,22.70575,37.45325
"2019-07",33.22,32.92,36.74,104.73,28.3,20.9383870967742,9.78903225806452,155.8,112.5,155.5,102.1,153.35,123.2,117.35,120.3,141.1,33.63,13.3,27.53,51.27,315.6,176.818,207.551612903226,108.928,224.541290322581,252.317741935484,263.435,162.619032258065,100.725080645161,31.9,11.4,38,36.62,57.2,46.4,166,185.8,174.4,173.6,188,192.8,150.6,200.4,265.4,503.95,9.43,151.7,186.72,219.875,69.83,147.455,155.085,200.34,149.41,72.23,57.4603125,28.260625,10.7371875,17.24,39.461935483871,26.914375,90.34,52.96,4.22,27.75,20.56,36.8,53.55,23.31,3.87,14.81,14.65,15.87,16.05,69.8,19.75,16.91,23.19,102.65,46.6,110.66,106.5,106.3,0.51,-1.41,55.65,56.92,56.36,33.77,37.82,34.27,19.03,54.33,54.35,47.83,15.1,35.59,23.0948,16.0336,21.9208,50.191,22.982,37.9448,20.079,21.6482,15.1228,15.4324,22.4058,88.3308,88.4902,88.2756,21.0378,30.6982,47.2624
"2019-08",32.44,32.22,35.86,101.04,28.29,22.1145161290323,9.98129032258064,155.9,98.6,138.3,103,147.3,123.95,117,136.05,141,34.25,13.86,27.01,51.55,317.6,176.279677419355,207.930322580645,108.159032258065,211.555806451613,257.407666666667,270.702580645161,168.476129032258,109.778064516129,33.7,12.4,38.1,40.62,56.4,57.8,161,182.5,173.7,170.9,192,187.5,142.9,199.8,264.8,521.45,9.31,162.6,186.775,219.9,70.1,150.645,155.47,203.795,149.4,74.4,61.463125,30.89125,11.363125,17.49,45.3683870967742,28.4,82.38,48.22,4.79,27.81,21.97,38,54.49,24.45,4.28,16.07,15.96,17.3,17.38,60.71,21.23,18.32,26.63,102.35,46.7,112.66,108.6,105.7,0.72,-1.29,57.04,58.41,57.84,34.72,38.51,34.98,19.21,55.59,55.68,49.56,20.02,39.13,22.67225,15.98925,21.5785,46.133,24.924,35.85975,21.78625,21.7065,14.56575,16.4775,22.91975,88.233,88.38025,88.14275,21.99525,30.66075,47.3325
"2019-09",33.7,31.6,35.52,98,28.41,23.0363333333333,10.1053333333333,156.1,96.1,151.1,108,158.2,124.7,116.1,139.1,141.3,34.58,14.08,24.94,50.6,319.6,176.124333333333,209.463333333333,106.869333333333,202.294,262.927333333333,275.599333333333,172.447,115.468583333333,34.2,13.2,38.7,45.62,60.7,59.1,153.5,173.3,172,168.6,180.4,189.5,140.3,198.6,263.1,521.9,8.96,171.17,186.69,220.03,69.785,147.225,154.365,204.86,151.61,66.92,63.6716129032258,33.0067741935484,11.7474193548387,17.45,49.131,29.8993548387097,101.33,50.18,5.41,27.88,21.75,39.19,54.15,25.67,5.72,15.93,15.85,17.43,17.41,57.17,21.95,19.4,29.18,102.25,46.8,112.76,108.8,103.8,0.8,-1.22,56.1,57.14,56.63,34.87,39.15,35.58,19.93,54.59,54.75,45.72,20.95,37.32,21.31425,15.685,19.6,44.91325,24.4425,31.62,22.21,21.30475,14.3925,16.02475,22.51725,88.03075,88.178,88.007,21.767,26.64025,41.6355
"2019-10",34,30.27,35.25,93.99,28.47,23.8192,10.078,147.1,101.65,135.5,101.3,144.3,123.1,116.6,60.55,141.7,34.52,14.26,23.93,50.2,319.6,176.045,209.132068965517,105.102333333333,195.879130434783,267.029565217391,279.426666666667,168.108695652174,107.463387096774,35,13.7,40.6,48,59.9,59.8,147.7,161.8,165.2,162.7,174,185,139,195.8,260.2,515.6,8.79,153.2,186.71,219.775,69.31,131.71,153.825,210.045,148.03,68.88,63.1634375,33.4271875,12.00625,17.7,50.243125,30.73125,71.47,43.93,6.23,28.49,23.11,40.53,55.53,27.86,5.39,17.3,17.18,18.11,18.24,46.74,21.92,19.61,30.1,102.25,46.8,111.26,106.9,102.6,1.02,-1.04,56.86,57.46,56.98,35.49,39.68,36.2,20.2,55.22,55.39,44.75,17.27,34.58,20.5934,16.9574,18.2612,43.3448,23.0414285714286,30.0204,20.3384,20.7862,15.2324,14.8914,22.51,87.786,87.93875,87.9106,21.1256,23.7434,39.9244
"2019-11",34.21,30.94,35,89.81,28.55,24.1710714285714,9.85833333333333,156.85,98.9,139.4,101.8,144.6,122.6,117,121.9,142.6,34.62,14.09,26.12,50.13,319.6,176.216071428571,207.478666666667,103.18,193.207586206897,269.113333333333,281.377666666667,172.888333333333,106.271,39.3,13.4,39.2,52.22,60.5,50.5,144.1,158,161.6,157.8,167.7,179,136.8,194,258.9,507.25,9.75,148.11,186.39,219.47,69.57,144.555,153.595,202.42,147.73,64.74,61.3341935483871,32.7745161290323,12.2693333333333,20.37,48.6551612903226,31.1187096774194,68.11,47.73,6.81,27.63,22.99,41.42,55.23,28.67,5.75,17.41,17.12,18.19,18.15,37.63,21.44,19.26,30.24,101.95,46.9,110.06,105.6,105.5,1.1,-1.04,54.35,55.49,54.92,34.58,40.05,36.47,20.27,54.18,54.28,43.49,13.55,33.15,21.449,17.533,19.47825,41.72425,21.96,29.90675,20.7655,20.6695,15.67375,13.7415,22.2775,87.65975,87.79325,87.67025,20.075,22.23625,38.3805
"2019-12",34.33,30.79,34.75,86.51,28.5,23.5254838709677,9.13566666666667,152.6,108.05,139.6,101.6,149.95,124.3,117.75,121.9,141.2,34.05,12.8,23.18,48.94,319.6,176.487419354839,204.340666666667,100.304516129032,190.847419354839,270.654193548387,281.743870967742,168.053548387097,75.0032258064516,30.6,11.2,41.7,47.02,61.7,53,137.4,146.3,156.3,154.8,161.7,167,135.8,190.7,256.7,494.85,10.21,145.97,185.865,218.75,67.25,143.875,151.78,199.43,147.86,56.6,54.4971875,28.869375,11.4440625,16.84,40.593125,27.2496875,64.48,42.42,6.85,27.38,22.06,40.59,54.41,23.29,5.23,16.18,15.93,16.32,16.34,31.3,20.17,18.3,27.75,102.05,46.9,106.96,103.3,103.2,1.03,-1.21,53.94,55.37,54.81,34.19,40.14,36.54,19.6,53.55,53.61,42.5,11.17,32.95,19.5765,16.547,16.888,40.06875,20.55,27.73275,19.656,19.43575,15.17,11.55825,20.83325,86.95125,87.058,86.64825,18.48325,18.383,35.33225
"2020-01",33.92,30.5,33.75,86.39,28.26,23.1226666666667,9.303,157.3,101.9,139.4,101.7,144.5,123.3,115.1,138.05,140.3,33.78,12.23,21.47,47.42,319.6,176.978064516129,201.636451612903,97.5145161290323,187.853870967742,272.163548387097,271.896451612903,162.31064516129,59.0420967741935,30.5,10.7,39.2,45.62,61.5,53.4,1,1,1,1,0,1,1,0,0,482.666666666667,10.19,145.83,185.675,218.51,66.755,143.18,150.255,198.85,146.89,65.08,52.664375,28.4028125,11.5428125,16.98,37.908125,26.5459375,62.74,42.44,6.65,26.66,21.29,40.31,53.64,22,5.12,15.51,15.33,15.91,15.84,26.5,18.44,16.44,24.86,101.85,46.8,105.96,102.2,102.4,0.9,-1.39,52.6,53.92,53.37,33.39,39.4,35.75,19.5,52.37,52.43,41.51,9.35,31.28,18.1718,15.3506,15.699,39.211,19.256,26.5772,19.0714,18.6606,14.6678,10.6198,20.042,86.026,86.1526,85.7108,16.7928,16.3944,33.5262
"2020-02",33.7,30.5,32.35,84.02,28.12,22.8037931034483,9.43185185185185,163.2,101.4,137.5,106.75,141.8,122.75,115.8,136.2,139.7,33.77,12.45,23.89,48.24,319.6,177.525862068966,201.778620689655,95.0403448275862,189.891379310345,273.127586206897,265.104827586207,173.955357142857,64.1448275862069,30.6,10.6,37.2,46.52,58.8,52.4,1,1,1,1,0,1,1,0,0,475.766666666667,10.84,143.07,185.79,218.71,66.135,148.615,151.56,216.33,144.47,69.39,55.4655172413793,10.2429166666667,11.8993333333333,16.91,45.4816666666667,28.5896666666667,67.53,43.18,6.72,26.71,21.24,40.22,53.78,24.04,5.35,15.59,15.42,16.22,16.33,25.22,18.13,15.98,22.87,101.65,46.7,105.06,101.1,101.1,0.85,-1.27,53.63,54.27,53.8,33.62,39,35.38,19.46,51.79,51.75,40.85,7.8,30.61,17.437,14.61275,15.274,38.95325,18.726,26.25575,18.89975,18.28975,14.46725,10.6215,19.8875,85.35775,85.5155,84.93175,16.10825,15.7185,31.91625
"2020-03",33.82,30.3,31.31,78.01,27.61,22.7287096774194,9.12733333333333,159.8,99.9,152.1,102.8,154.05,120.7,114.15,134.2,143.1,33.7,11.87,22.78,47.37,296.6,178.006774193548,202.631290322581,92.7767741935484,190.822903225806,273.172,271.823870967742,175.036129032258,62.8421774193548,31.9,10.1,38.7,27.34,56.1,50.6,1,1,1,1,0,1,1,0,0,476.1,11.25,144.18,185.84,218.68,67.305,144.62,151.205,200.975,145.19,84.02,56.3390322580645,-9.12838709677419,12.493125,17,60.043125,33.3690625,66.01,43.26,6.11,25.33,20.03,39.05,52.32,26.18,4.73,14.24,14.14,15.18,15.11,25.38,18.58,16.35,23.1,101.55,46.7,107.46,102.8,102.7,0.79,-1.25,52.09,53.18,52.69,33.26,38.96,35.48,18.87,51.94,51.82,40.61,6.86,30.17,18.29025,15.2435,16.4575,43.2195,19.075,26.96075,19.075,18.823,15.0035,11.841,20.6676,85.06725,85.1905,84.8725,15.8695,17.145,31.05325
"2020-04",33.65,29.91,30.53,77.24,26.94,22.3446666666667,8.66033333333333,159.15,102.25,152.25,103.7,157.15,120.2,113,132.65,141.2,32.55,10.66,20.87,46.57,297.6,178.468620689655,203.206333333333,90.5966666666667,192.603333333333,273.442,274.166,170.226666666667,49.6365,32.3,7.5,36.4,26.32,64.8,48.9,1,1,97.65,95.25,0,0.98,1,0,0,472,7.51,143.71,185.925,218.85,67.745,150.89,151.535,202.525,162.64,83.14,55.3243333333333,-10.27,12.1976666666667,17.16,57.3413333333333,35.5453333333333,68.51,44.18,5.39,24.12,18.72,37.26,51.12,25.92,4.06,13,12.9,14.46,14.37,30.95,18.85,16.89,23.3,101.55,46.7,107.56,102.8,102.8,0.88,-1.29,52.07,53.14,52.63,52.83,39.11,35.49,18.72,51.98,51.75,40.58,7.28,30.06,36.0046,15.442,17.5298,42.9612,19.3683333333333,29.4356,18.9772,19.9064,15.5782,17.5802,27.837,85.4008,85.5858,85.7888,16.9498,20.8278,46.7268
"2020-05",33.57,29.3,29.18,76.05,24.52,22.4974193548387,9.21344827586207,153.95,100.05,133.2,102.55,139.4,118.8,111.266666666667,115.4,140.8,33.19,12.04,22.34,47.32,315.6,178.906129032258,204.927096774194,88.8016666666667,192.125,274.012903225806,270.847096774194,156.968064516129,67.0898387096774,33.4,10.3,37.1,26.92,59.7,47.8,86.3,99,1,1,0,117.3,76.35,0,0,477.7,7.59,177.79,186.24,219.28,69.265,159.84,153.53,202.44,160.72,90.6,61.5845161290323,-7.30193548387097,12.7254838709677,17.43,66.8948387096774,40.3935483870968,118.85,80.14,5.81,23.95,18.81,37.24,50.91,26.82,4.02,13.29,13.05,14.52,14.36,32.99,19.43,17.54,24.13,101.35,46.6,108.86,104.4,104.2,1.1,-1.26,53.92,54.94,54.44,33.76,38.92,35.44,19.9,53.47,53.38,49.11,10.25,34.17,66.441,19.9366666666667,30.969,47.6593333333333,23.8725,43.3253333333333,20.381,25.201,17.318,41.38,52.412,89.5505,90.0475,92.078,21.63225,33.223,84.9006666666667
"2020-06",33.53,28.81,28.17,74.75,24.66,21.5136666666667,9.39566666666667,141.3,95.7,131.9,104.1,135.1,116.8,109.3,115.1,140.9,33.58,12.86,25.08,47.51,308.6,179.276206896552,201.853666666667,87.442,197.773666666667,273.698,267.189666666667,131.77,72.8418333333333,33.3,9.6,38.3,36.82,60,49.1,1,1,1,1,0,1,1,0,0,496.85,7.89,196.98,186.7,219.815,72.025,174.2,158.51,201.325,156.14,100.44,65.0993333333333,-4.62233333333333,13.689,18.65,70.4826666666667,42.443,117.9,74.26,5.48,25.01,19.72,38.1,52.11,27.3,4.44,14.07,13.92,15.12,15,37.65,20.9,18.86,26.33,101.15,46.5,110.56,106.2,106.2,1.03,-1.29,55.11,56.2,55.63,33.55,39.21,35.65,19.08,54.63,54.54,44.85,13.08,38.28,84.14425,24.05425,37.88175,57.20225,27.835,52.322,21.75375,30.22275,19.71725,46.962,56.8202,93.266,93.85475,96.241,25.63825,45.7015,97.2335
"2020-07",33.66,28.34,28.15,73.49,24.4,21.7856666666667,9.52193548387097,139.8,94.9,132.3,100.8,138.1,116.9,109.8,115.8,140.3,33.96,13.43,28.44,48.81,308.6,179.551322580645,201.592387096774,86.1001612903226,199.994580645161,269.328064516129,264.809258064516,151.537870967742,73.8757258064516,32.5,9.5,46.5,36.12,60.9,48.3,1,1,1,1,0,1,1,0,0,514.2,8.53,176.35,186.635,219.85,70.305,165.97,152.9,217.32,179.34,99.85,68.0851612903226,-1.0809375,14.5925,17.67,76.7490625,42.86,123.45,76.65,5.77,26.1,20.75,39.05,53.15,27.11,4.89,15.3,15.11,16.58,16.56,43.47,22.51,20.34,28.88,100.95,46.6,112.36,108.4,108.3,0.88,-1.2,57.85,58.64,58.13,34.04,39.62,36.13,19.47,56.55,56.3,58.23,19.22,42.12,76.215,27.9042,43.454,63.0702,33.45,56.715,24.7114,33.7354,22.5304,41.6638,65.8344,99.3336,100.1974,105.131,31.347,61.6518,102.4368
"2020-08",33.9,27.9,28.18,72.16,25.33,22.6822580645161,9.75225806451613,110.6,94.1,102.4,101.1,138.1,117.6,110.3,116.3,141,34.74,14.03,26.19,48.29,308.6,179.920903225806,207.603580645161,85.7938064516129,201.808935483871,267.776806451613,273.832967741935,167.444966666667,86.4066129032258,34.1,10.8,43.7,39.22,59.9,52.5,1,0.9,1,1,0,1,1,0,0,535.75,9.12,174.06,186.865,220.035,70.285,163.445,155.265,228.235,154.01,98.71,61.3561290322581,0.66375,15.3503125,18.2,80.0238709677419,44.16625,125.28,82.12,6.37,28.62,22.53,39.92,54.9,27.81,5.35,16.76,16.56,17.72,17.72,46.65,23.9,21.42,30.89,101.05,46.7,113.96,110.1,110,0.94,-1.07,56.5,57.74,57.19,33.29,40.13,36.64,19.69,56.57,56.45,51.38,22.82,44.78,45.77375,29.5215,40.85975,56.67,33.9,52.77525,26.47775,31.4755,23.31675,39.971,69.3482222222222,105.68325,106.63575,111.80925,32.3115,54.2125,92.91075
"2020-09",34.44,27.48,28.9,73.31,25.75,23.321,10.0266666666667,138.8,96.2,129.5,99.6,138.1,114,107.3,114,152.4,35.06,13.99,23.42,46.82,301.6,180.165310344828,211.087966666667,85.7023333333333,203.072620689655,269.3066,278.988166666667,172.238166666667,88.0964166666667,31.5,7.3,42.4,26.92,60.7,52.1,1,1,0.9,1,0,1,1,0,0,544.833333333333,9.51,167.41,186.66,219.81,70.535,144.3,156.06,217.15,151.02,93.44,60.5618181818182,1.42227272727273,15.748,18.01,80.001935483871,44.4238709677419,111.35,75.04,6.74,27.79,22.47,40.68,54.94,29.01,5.62,16.64,16.53,17.98,17.94,46.62,24.78,22.09,32.39,101.15,46.8,113.56,109.3,109.2,1.05,-0.9,54.68,55.31,55.41,33.2,40.55,37.06,20.14,55.96,55.93,46.92,23.67,41.08,35.6846,30.5738,34.9942,56.3248,32.6375,43.8962,26.0676,29.018,23.2148,27.234,45.6846,107.7524,108.0418,108.9564,31.7784,41.3024,73.5728
"2020-10",34.35,27.2,29,69.81,26.04,23.5435483870968,10.6592307692308,141.1,94.8,132.9,99.2,137.7,116.8,109.1,116.2,143.3,35.33,14.03,22.78,47.23,308.6,180.330258064516,211.619612903226,85.9040967741935,203.372483870968,271.186741935484,281.482838709677,174.472419354839,89.0662903225806,31.3,7.4,41.3,25.025,57.4,48.6,1,1,1,1,0,1,1,0,0,535.95,9.92,163.85,186.675,219.786666666667,70.175,140.87,156.24,217.4,150.71,80.51,68.0771875,37.1921875,15.911875,18.14,78.2765625,47.3909375,109.34,74.35,7.25,28.53,23.04,41.75,55.72,30.37,6.11,17.63,17.45,18.65,18.57,46.55,24.97,21.88,33.47,100.95,46.8,112.16,107.8,107.7,1.02,-0.86,53.87,55.14,54.53,33.65,40.9,37.35,20.38,55.55,55.47,46,20.71,38.95,32.61525,29.87325,30.08775,51.2745,29.995,41.35575,25.0365,27.74675,23.40325,20.9255,33.06525,106.802,106.69625,105.39125,31.3035,34.6465,67.0255
"2020-11",34.41,27.15,28.95,74.9,26.98,23.2606666666667,10.0030769230769,141.2,95.5,133.8,102.3,138.5,118.5,111.3,117.5,143.4,34.99,13.6,23.61,47.19,308.6,180.414,210.029310344828,85.7972413793103,202.132666666667,272.759333333333,282.838965517241,175.507666666667,90.248,32.1,7,36.5,26.62,58.6,48.7,144.1,158,176.1,171.9,202.4,203,154.15,186.4,253.6,523.65,10.51,160.01,186.32,219.42,68.49,141.65,156.835,215.055,154.94,93.15,64.1183870967742,35.2583870967742,15.9090322580645,17.57,66.3870967741936,46.3716129032258,99.45,73.14,7.72,28.48,22.94,42.38,55.72,30.76,6.34,17.51,17.35,17.98,17.91,43.19,24.68,21.35,32.97,101.25,47,112.16,107.8,107.2,1.35,-0.79,53.19,54.62,54.02,33.29,40.92,37.23,20.2,54.63,54.62,45.03,15.62,36.71,31.2435,29.076,28.58,49.346,27.76,40.07075,24.61725,26.4255,23.05725,18.918,29.71775,104.99425,104.77675,103.01975,29.326,31.3295,61.835
"2020-12",34.26,26.71,28.92,76.75,26.88,23.1341935483871,9.84451612903226,141.8,95.7,133.7,101.6,139.2,109.6,111.3,117.7,143.1,34.4,13.98,24.48,47.21,331.6,180.548,208.872903225806,85.1632258064516,204.617096774194,274.052258064516,283.769666666667,176.42,90.1316935483871,32.4,6.6,40.5,26.82,54.1,48.5,165.8,176.1,163.9,160,185,192.5,170.7,186.6,249.8,514.1,10.9,156.84,185.95,218.96,68.47,140.99,155.33,214.66,152.98,73.85,62.2225,34.0528125,15.484375,17.11,66.8734375,42.3865625,97.56,73.06,7.89,32.77,25.35,43.19,57.72,27.15,6.2,19.05,18.86,18.77,18.85,39.16,23.43,20.39,31.28,101.1,46.9,111.86,106.8,106.7,1.48,-0.72,53.2,54.93,54.3,33.26,40.93,37.56,19.96,54.43,54.46,43.95,13.3,35.63,29.2408,27.9162,27.2996,47.1534,25.778,38.4938,23.6666,25.2468,22.7772,16.0734,26.944,102.5798,102.4696,100.5956,27.6632,27.3466,57.2116
